index,question,label
600,برخی از عوارض ناشی از تزریق چیست؟,1
601,شریان بعدی چیست؟,1
602,شریان بعدی چیست؟,1
603,چه شاخه ای از ماندبولار شما به شریان بعدی تخلیه می شود؟,1
604,نام دیگر شریان کاروتید داخلی چیست؟,1
605,خواب شریان داخلی شریان پایداری داخلی چیست؟,-1
606,مهم ترین اشکال شریان کاروتید به دلیل عبور یک سری رگ ها و اعصاب چه هستند؟,1
607,هدف از شریان اکسی پایتال چیه؟,1
608,شریان بعدی چیه؟,1
609,از چه بخشی از شریان اکسی پایتال سرچشمه می گیرد؟,-1
610,شریان اکسیپیتال چه عرضه ای دارد؟,-1
611,شریان بعدی چیه؟,1 
612,شریان بعدی از چه است؟,1
613,مهمترین اشکال شریان کاروتید به دلیل عبور از یک سری عروق و اعصاب چیست؟,1
614,هدف شریان اکسیپیتال چیست؟,1
615,شریان بعدی چیست؟,1
616,از کدام قسمت از شریان اکسیپیتال سرچشمه می گیرد؟,-1
617,شریان اکسیپیتال چه چیزی را تأمین می کند؟,1
618,شریان بعدی چیست؟,1
619,شریان بعدی چیست؟,1
620,نام وابستگی ای که در آیه قبلی به آن اشاره کرده است، چه نامی دارد؟,1
621,چه کسی دو فرمان به جامعه ایمانی می دهد؟,1
622,آیا ایها الدفین المنوا به جامعه ایمانی چند فرمان می دهد؟,-1
623,علت بی اتفاقی به پیش لا تهلکوم چه است؟,-1
624,کیه با مؤمنین چند فرمان پیشنهاد کرد؟,-1
625,ولن آخر چه آیه ای است؟,1
626,آیه قبلی ولن آخری چیه؟,1
627,نام وابستگی که وی در آیه قبلی ذکر کرد چیست؟,1
628,چه کسی دو فرمان را به جامعه ایمان می دهد؟,-1
629,ایها الدین الامینوا به جامعه ایمان چند دستورات می دهد؟,-1
630,علت بیواره شدن در پیش از لا طاوولکوم چیست؟,-1
631,KIH چند فرمان را با مؤمنان پیشنهاد داد؟,-1
632,چه آیه ای از آخرین مورد است؟,-1
633,آیه قبلی Volen آخرین مورد چیست؟,0
634,آل زین الدباوا در آیه قبلی چه اشاره ای شده بود؟,-1
635,الزين الدباوا چند تا دستور داره؟,-1
636,چند تا دستور براي جامعه ايمان وجود داره؟,-1
637,آیه 11 آیه از چه آیه ای است؟,-1
638,والنی یاخار الله نفسا چه دارد؟,0
639,آل -زین الداباوا در آیه قبلی ذکر شد؟,0
640,ال -زین الداباوا چند دستورات دارد؟,0
641,چند دستور به جامعه ایمان وجود دارد؟,-1
642,آیه 11 از چه آیه ای است؟,-1
643,والی یاخار الله نفسا چیست؟,0
644,آخرین نسخه مقررات تکمیلی تعرفه برق چه زمانی بود؟,1
645,چند شرکت تعرفه برق تکمیلی برای اجرا ابلاغ شده است؟,-1
646,چند شرکت برای اجرا مطلع نشده اند؟,-1
647,تعرفه های تکمیلی برق برای انعکاس از کجا ابلاغ شده است؟,-1
648,وزارت انرژی چه گفت که قرار است هفته گذشته جلسه ای داشته باشد تا دیدگاه هایی را که شرکت ها ارسال کرده اند خلاصه کنند؟,-1
649,چگونه می توانیم مقررات جدید را ارتباط برقرار کنیم؟,-1
650,آخرین نسخه مقررات تکمیلی در مورد تعرفه برق چه زمانی بود؟,1
651,چند شرکت تعرفه برق تکمیلی برای اجرای ارتباط برقرار شده است؟,-1
652,چند شرکت برای اجرای آن مطلع نشده اند؟,-1
653,تعرفه های برق تکمیلی برای تأمل از کجا ابلاغ شده است؟,-1
654,وزارت انرژی گفت که آنها قرار است هفته گذشته جلسه ای را برای خلاصه کردن دیدگاه هایی که شرکت ها ارسال کرده اند ، برگزار کنند؟,-1
655,چگونه می توانیم مقررات جدید را ارتباط برقرار کنیم؟,-1
656,مکمل توسط قانون آخرین نسخه مربوط به چه سالی بود؟,-1
657,تعرفه های تکمیلی برای اجرای چه هستند؟,1
658,هدف از نسخه جدید کد تکمیلی تعرفه های الکتریکی چه بوده است؟,1
659,اگر اشکالاتی برای انعکاس به وزارت انرژی وجود داشته باشد، در واقع چه چیزی ابلاغ می شود؟,1
660,در کد جدید تعرفه های الکتریکی باید چه چیزهایی را اصلاح کنیم؟,1
661,مکمل توسط آخرین نسخه مربوط به چه سالی است؟,-1
662,تعرفه های تکمیلی برای اجرای آن چیست؟,1
663,هدف از نسخه جدید کد تکمیلی تعرفه های الکتریکی چیست؟,1
664,اگر اشکالاتی برای تأمل به وزارت انرژی وجود داشته باشد ، در واقع چه ابلاغ شده است؟,-1
665,مواردی که ما برای اصلاح در کد جدید تعرفه های الکتریکی نیاز داریم؟,1
666,یکی از شرایطی که قرار است انتخاب کنیم چگونه است؟,1
667,بخش الیگو با چه نرم افزاری نیاز به تجزیه و تحلیل دارد؟,1
668,از کجا می دانید اکنون چه قطعاتی را می خواهید طراحی کنید، چه قطعاتی را باید در نظر بگیرید؟,-1
669,در واقع پريمر من کي منزوي ميشه؟,1
670,من توي ام آر آي چي گرفتم؟,1
671,ميخواي براي دي ان اي ژنومي چيکار کني؟,1
672,یکی از شرایطی که می خواهیم انتخاب کنیم چیست؟,1
673,قسمت الیگو باید با چه نرم افزاری تجزیه و تحلیل شود؟,1
674,چگونه می دانید اکنون چه قسمت هایی را می خواهید طراحی کنید ، چه قسمت هایی را باید در نظر بگیرید؟,1
675,چه زمانی آغازگر من در واقع از بین می رود؟,1
676,من در MRI خود چه کردم؟,1
677,می خواهید برای DNA ژنومی چه کاری انجام دهید؟,1
678,چي ميخوايم برداريم؟,1
679,چه چیزی باید دوباره با نرم افزار ژن Runner Oligo تجزیه و تحلیل شود؟,1
680,اسم نرم افزاري که بايد دوباره تحليل بشه چيه؟,1
681,رئيس اجرايي ريچک بعد از اينکه هارپين رو داره چي بود؟,-1
682,هر یک از مراحل به انتهای ژنومیک DNA چه خواهد رفت؟,-1
683,پريمر من کي توي منطقه 901 فرار ميکنه؟,1
684,در مورد ژنومي دي ان اي چي ميخواي بدوني؟,1
685,چه چیزی می خواهیم انتخاب کنیم؟,1
686,چه چیزی باید دوباره با نرم افزار دونده الیگو ژن دونده مورد تجزیه و تحلیل قرار گیرد؟,1
687,نام نرم افزاری که باید دوباره مورد تجزیه و تحلیل قرار گیرد چیست؟,1
688,رئیس اجرایی ریچ بعد از هارپین چه بود؟,-1
689,هر یک از مراحل به انتهای ژنومی DNA چه خواهد رسید؟,-1
690,آغازگر من در منطقه 901 چه زمانی اجرا می شود؟,1
691,چه چیزی باید در مورد ژنومی DNA بدانید؟,1
692,چند تا اينتر ميذارم بازي کني؟,-1
693,در چه نقطه ای از پری ویو به من یک کلیک داد؟,1
694,وان من به چه چیزی تقسیم شده است؟,1
695,و تلفنم چقدر لبه داره؟,1
696,وان هایم از پایین چند امتیاز می شمارند؟,1
697,تنظیمات دقت این تقسیم بندی چه می باشد؟,1
698,این یک سوم وانم را چند امتیاز گذاشتیم؟,1
699,به شما اجازه می دهم چند نفر را بازی کنم؟,-1
700,در کدام نقطه از Fairyview او به من کلیک کرد؟,-1
701,واج من به چه چیزی تقسیم شده است؟,1
702,واج من چه مقدار از لبه من دارد؟,1
703,واج من چند امتیاز از پایین حساب می کند؟,1
704,تنظیمات دقت این بخش چیست؟,1
705,چند امتیاز این یک سوم واج من را قرار دادیم؟,-1
706,چند بار دوباره شيفت رو نگه دارم؟,1
707,دوباره چي رو نگه دارم؟,1
708,چه نقطه رنگی اومدم وسط اون بهم یه کلیک داد بذار شماره نقطه ام رو نبينم؟,-1
709,چه تفاوتی بین اجاجه من و اجاجه ام وجود دارد؟,0
710,چند بار از ته اجمه ام؟,0
711,دقت بخش بندی چه چیزی است؟,1
712,چند بار می خواهیم این یک سوم را قرار دهیم؟,1
713,چند بار تغییر را دوباره نگه می دارم؟,1
714,دوباره چه چیزی را نگه دارم؟,1
715,من در وسط آن قرار گرفتم که در وسط آن قرار گرفتم ، به من اجازه داد که شماره نقطه خود را نبینم؟,-1
716,تفاوت بین ejja و ejja من چیست؟,1
717,چند بار از پایین ejja من؟,-1
718,صحت تقسیم بندی چیست؟,1
719,چند بار می خواهیم این یک سوم را قرار دهیم؟,1
720,چه اتفاقی برای بیمارانی می افتد که مقدار کمی آب وارد ریه ها می شوند؟,-1
721,چه اتفاقی برای اولین مقدار آب ورود به ریه ها می افتد؟,-1
722,چه کسی بیماران را با خفه شدن در آب خفه می کند؟,-1
723,چه چیزی بازگشت این اسپاسم را دشوارتر می کند؟,1
724,در بیمارانی که در آب خفه شده اند چه می توانیم بکنیم؟,1
725,چه نوع افرادی وارد راه هوایی می شوند؟,1
726,بیشتر کودکان از کجا جسدی در دهان شان می گیرد؟,-1
727,چه اتفاقی می افتد برای بیمارانی که مقدار کمی آب به داخل ریه ها می گیرند؟,1
728,چه اتفاقی برای اولین مقدار آب ورود به ریه ها می افتد؟,-1
729,چه کسی بیماران را با خفگی در آب خفه می کند؟,-1
730,چه چیزی بازگرداندن این اسپاسم را دشوارتر می کند؟,1
731,در بیماران مبتلا به خفگی در آب چه کاری می توانیم انجام دهیم؟,1
732,چه نوع افرادی وارد مجاری هوایی می شوند؟,1
733,کجا بیشتر کودکان بدن را در دهان خود می گیرند؟,1
734,بیمارانی که در آب خفه می شوند معمولاً وارد چه می شوند؟,1
735,چه چیزی باعث بسته شدن راه هوایی می شود و اجازه ورود آب بیشتر به ریه ها را نمی دهد؟,1
736,چه چیزی باعث خفه شدن بیماران می شود؟,1
737,اگر مراقبت ما خیلی زود و زود باشد چگونه می توانیم بیماران را بهتر کنیم؟,1
738,چه نوع بدن وارد راه هوایی می شود؟,1
739,کودکان در دهان شان در راه های هوایی خود از کجا نفس می کشند؟,1
740,بیمارانی که در آب خفه می شوند معمولاً وارد می شوند؟,1
741,چه عواملی باعث بسته شدن راه هوایی می شوند و اجازه نمی دهند آب بیشتری وارد ریه ها شود؟,1
742,چه عواملی باعث خفه شدن بیماران می شود؟,1
743,اگر مراقبت ما خیلی زود و زود باشد ، چگونه می توانیم بیماران را بهتر کنیم؟,1
744,چه نوع بدنه ای وارد مجاری هوایی می شود؟,1
745,کودکان در دهانشان کجا در راه هوایی نفس می کشند؟,1
746,هدف از تزريق تامي براي متوقف کردن خونريزي چيه؟,1
747,چرا اپی نفرین منقبض می شود؟,1
748,اپی نفرین در محلول تامی مون چیست؟,1
749,اپی نفرین در محلول تامی مون چیست؟,1
750,اپی نفرین در محلول تامی مون چیست؟,1
751,اپی نفرین در لیدلو در این مرحله چه چیزی است؟,1
752,چه چیزی برای افزایش زمان بقای لیدوکائین استفاده می شود؟,1
753,هدف از تزریق تامی برای متوقف کردن خونریزی چیست؟,1
754,چرا اپی نفرین قرارداد دارد؟,1
755,اپی نفرین در راه حل تامی مون چیست؟,1
756,اپی نفرین در راه حل تامی مون چیست؟,1
757,اپی نفرین در راه حل تامی مون چیست؟,1
758,اپی نفرین در لیدو در این مرحله چیست؟,1
759,چه چیزی برای افزایش زمان بقای لیدوکائین استفاده می شود؟,1
760,تامي براي جلوگيري از خونريزي چي تزريق ميکنه؟,1
761,چه اتفاقی برای اپی نفرین در محلول تامی می افتد؟,1
762,اپی نفرین در محلول تامی چیست؟,1
763,تامی مون در چه راه حلی از اپی نفرین استفاده می کند؟,1
764,چه کسی از اپی نفرین در محلول تامی مون تو استفاده می کند؟,1
765,اپی نفرین در محلول لیدوکائین چیست؟,1
766,اپی نفرین کجا استفاده می شود؟,1
767,اپی نفرین ماندگاری لیدوکائین را از کجا بالاتر می برد؟,1
768,تامی برای جلوگیری از خونریزی چه تزریق می کند؟,1
769,چه اتفاقی برای اپی نفرین در راه حل تامی می افتد؟,1
770,اپی نفرین در راه حل تامی چیست؟,1
771,تامی مون در چه راه حلی از اپی نفرین استفاده می کند؟,1
772,چه کسی از اپی نفرین در راه حل Tommy Mon -Tu استفاده می کند؟,1
773,اپی نفرین در محلول لیدوکائین چیست؟,1
774,از اپی نفرین از کجا استفاده می شود؟,-1
775,اپی نفرین ماندگاری لیدوکائین را از کجا بالاتر می برد؟,1
776,به طور خلاصه در مورد چه نوع استعمار صحبت کردیم؟,1
777,استعمار بحرانی چه چیزی است؟,1
778,در استعمار بحرانی چه نوع استعمار طبیعی است؟,1
779,افلاطون در چه چیزی متوقف می شود؟,1
780,رنگ بافت گرانوله شده چيه؟,1
781,یکی از علائم cluncing چه است؟,1
782,به طور خلاصه در مورد چه نوع استعمار صحبت کردیم؟,1
783,استعمار مهم چیست؟,1
784,در استعمار بحرانی چه نوع استعمار طبیعی است؟,1
785,توقف افلاطون چیست؟,1
786,رنگ بافت گرانول چیست؟,1
787,یکی از علائم Cluncing چیست؟,1
788,استعمار کلونیک چیه؟,1
789,منتقد کلونینگ چیه؟,-1
790,نشانه های کلونینگ منتقد چه هستند؟,1
791,چه رنگی دانه ای است که اکنون یک تی گرانولاسیون یا سنجاقک است؟,-1
792,دانه ای که اکنون از نظر کیفیت از نظر کیفیت کمرنگ است، چه چیزی است؟,-1
793,استعمار کلونیس چیست؟,1
794,کلونینگ منتقد چیست؟,1
795,علائم کلونینگ منتقد چیست؟,1
796,چه رنگی دانه ای است که اکنون یک دانه یا پین است؟,-1
797,یک گرانول که اکنون از نظر کیفیت از نظر کیفیت کم رنگ است؟,-1
798,بیشتر کیت های جراحی از چه نوع مته هایی شروع می کنند؟,1
799,اندازه مته هایی که قرار است حفره مان را طراحی کنیم چه اندازه ای است؟,1
800,اندازه مته های ما چند است؟,1
801,سیستم در مورد ارتفاع مته ها چه می گوید؟,1
802,برای ارتفاع مته ها چه باید بکنید؟,1
803,خط دوم کیت جراحی چیه؟,1
804,بیشتر کیت های جراحی از چه نوع دریل ها شروع می شوند؟,1
805,اندازه تمریناتی که می خواهیم حفره خود را طراحی کنیم چیست؟,1
806,اندازه دریل های ما چقدر است؟,1
807,سیستم در مورد ارتفاع مته ها چه می گوید؟,1
808,برای ارتفاع مته ها چه کاری باید انجام دهید؟,1
809,خط دوم کیت جراحی چیست؟,1
810,بیشتر کیت های جراحی با چه چیزی شروع می شوند؟,1
811,چه نامی از سیستم است که تنها یک مته برای هر قطر است؟,1
812,برای ارتفاع مته ها چه باید بکنید؟,1
813,اولین خط کیت جراحی که کنترل ارتفاع بهتری دارد چه چیزی است؟,1
814,بیشتر کیت های جراحی با چه چیزی شروع می شوند؟,1
815,نام سیستمی که فقط مته برای هر قطر است چیست؟,1
816,برای ارتفاع مته ها چه کاری باید انجام دهید؟,1
817,خط اول کیت جراحی که کنترل ارتفاع بهتری دارد چیست؟,1
818,در این بخش چه می بینید؟,1
819,اسم فیچری که طراحی کردیم چیه؟,1
820,چه چیزی لازم است توضیح مختصری در مورد تنظیمات موتور ایمپلنت به شما ارائه دهید؟,-1
821,ایمپلنت زاویه مخصوص چه چیزی است؟,1
822,در این بخش چه می بینید؟,1
823,نام فیکسچینی که ما طراحی کردیم چیست؟,1
824,چه چیزی لازم است برای شما توضیح مختصری در مورد تنظیمات موتور ایمپلنت ارائه دهید؟,-1
825,کاشت زاویه خاص چیست؟,1
826,چه نوع مته هایی را اینجا می بینید؟,1
827,ایمپلنت فرشته 20 به 1 چیه؟,1
828,در اینجا چه نوع تمرین می بینید؟,1
829,کاشت فرشته 20 به 1 چیست؟,1
830,وقتي ميگيم منظورمون چيه؟,1
831,منظور ما از چه زمانی است که ما می گویند EPIMS از یک برنامه OpenSource؟,-1
832,چه معنی است که شما می توانید آنها را ویرایش آن را ببینید توسعه آن چه گزینه ای به شما می دهد در حال حاضر?,-1
833,چه چیزی می توانید به EPIMS از یک برنامه OpenSource اضافه کنید؟,1
834,منبع باز بودن به چه معناست؟,1
835,هدف از فضایی که باید یک وب سایت ایجاد کنیم چیه؟,1
836,اسم ايالتي که نميتونيم بذاريمش روي مردم محلي مون چيه؟,1
837,منظور ما وقتی می گوییم چیست؟,-1
838,منظور ما وقتی می گوییم EPIMS از یک برنامه OpenSource چیست؟,1
839,چه بدان معنی است که می توانید آنها را ویرایش کنید ، آن را توسعه دهید ، اکنون چه گزینه ای به شما می دهد؟,1
840,چه چیزی می توانید به یک برنامه OpenSource اضافه کنید؟,1
841,منبع باز بودن به چه معنی است؟,1
842,هدف از فضایی که برای ایجاد یک وب سایت نیاز داریم چیست؟,1
843,نام دولت در جایی که نمی توانیم آن را بر روی افراد محلی خود قرار دهیم چیست؟,1
844,منظور ما از این است که وقتی یک IPS یک سیستم مدیریت محتوا می گوییم چیست؟,-1
845,چه چیزی می توانید ویژگی های خاص را به IPS یک سیستم مدیریت محتوا اضافه کنید؟,-1
846,برای بهبود مشکلات جستجوگرهای خود چه کاری می توانید انجام دهید؟,1
847,اوپن سورس به چه معناست که به کدهای نوشته شده دسترسی داشته باشد؟,1
848,منبع باز بودن به چه معناست؟,1
849,چه حالتی است که ما نمی توانیم در مردم محلی خودمان و قرار دادن وب سایت ما را به نصب بر روی مردم محلی؟,-1
850,منظور ما وقتی می گوییم IPS A CMS چیست؟,1
851,چه چیزی می توانید ویژگی های خاص را به IPS A CMS اضافه کنید؟,-1
852,برای بهبود مشکلات سئو چه کاری می توانید انجام دهید؟,1
853,منبع باز به معنای دسترسی به کدهای مکتوب چیست؟,1
854,منبع باز بودن به چه معنی است؟,1
855,چه روشی است که ما نمی توانیم خودمان در افراد محلی باشیم و وب سایت خود را برای نصب بر روی افراد محلی قرار دهیم؟,1
856,چه اتفاقی برای ساختار ICM و sedimentation می افتد؟,1
857,کلاژني که اينجا توليد ميشه چيه؟,1
858,چه چیزی کمی متفاوت از کلاژن است که به طور طبیعی در ساختار بافت خود را قبل از آن زخم می شود؟,-1
859,کلاژني که اينجا ساخته ميشه چه نوع کلاژنيه؟,1
860,چه نوع کلاژن است که در اینجا ساخته شده است؟,1
861,چه مقدار از کلاژن نوع سوم خود را برای همیشه از دست می دهد زمانی که آن را تولید می شود؟,-1
862,چند الاستین کلاژن نوع سوم وقتی تولید می شود از دست می دهد؟,1
863,چه اتفاقی برای ساختار ICM و رسوب می افتد؟,1
864,کلاژن که در اینجا تولید می شود چیست؟,1
865,کمی متفاوت از کلاژن که به طور طبیعی در ساختار بافت شما قبل از زخم شدن وجود دارد چیست؟,1
866,کلاژن کدام نوع کلاژن است که در اینجا ساخته می شود؟,1
867,نوع کلاژن که در اینجا ساخته می شود چیست؟,1
868,چه مقدار از کلاژن نوع سوم شما هنگام تولید برای همیشه از دست می رود؟,1
869,کلاژن نوع 3 چند الاستین هنگام تولید از دست می دهد؟,1
870,کلاژنی که اینجا تولید می شود از چه چیزی است؟,1
871,چه چیزی در اینجا با کلاژن است که به طور طبیعی در ساختار بافت خود را قبل از آن تبدیل به زخم ساخته شده است؟,-1
872,چه تفاوتی بین کلاژن نوع 3 3 از دست دادن 20 ٪ الاستین خود را برای همیشه لطفا برای زمانی که آن را تولید می شود؟,-1
873,چند الاستین تفاوت بین کلاژن نوع ۳ ۳ را از دست می دهد؟,0
874,کلاژن که از اینجا تولید می شود چیست؟,1
875,چه چیزی در اینجا با کلاژن ساخته شده است که به طور طبیعی در ساختار بافت شما قبل از زخم شدن وجود دارد؟,1
876,تفاوت بین کلاژن نوع 3 از دست دادن 20 ٪ الاستین خود برای همیشه هنگام تولید چیست؟,1
877,تفاوت بین کلاژن 3 نوع 3 از بین می رود؟,0
878,نام خدا کیست؟,-1
879,قرار است در مورد چه نوع گزینه هایی با یکدیگر صحبت کنیم؟,1
880,اولين چيزي که بايد با هم شروع کنيم چيه؟,1
881,یک سیستم سازنده سایت به چه معناست؟,1
882,فروشگاهی که می توانید با آن راه اندازی کنید چه چیزی است؟,1
883,اگر می خواهید بگویید یک وب سایت یک سیستم مدیریت محتوا است چه کاری می توانید انجام دهید؟,1
884,وردپرس چه نوع سیستمی دارد؟,1
885,اسم خدا کیست؟,-1
886,در مورد چه نوع گزینه هایی می خواهیم با یکدیگر صحبت کنیم؟,1
887,اولین چیزی که باید با یکدیگر شروع کنیم چیست؟,1
888,سیستم سازنده سایت به چه معنی است؟,1
889,فروشگاهی که می توانید با آن تنظیم کنید چیست؟,1
890,اگر می خواهید بگویید یک وب سایت یک سیستم مدیریت محتوا است ، چه کاری می توانید انجام دهید؟,1
891,وردپرس چه نوع سیستم دارد؟,-1
892,چه کسی قرار است در یک دوره کوتاه آشنایی با وردپرس با یکدیگر صحبت کند؟,-1
893,اگر بخواهم به زبان ساده بگویم وردپرس چه معنایی دارد؟,1
894,یک مدل وب سایت است که شما می توانید با آن راه اندازی است که برای در دسترس است؟,-1
895,وردپرس یک زبان حرفه ای است؟,1
896,چه کسی قرار است در یک دوره کوتاه از آشنایی با وردپرس با یکدیگر صحبت کند؟,-1
897,اگر بخواهم به یک زبان ساده بگویم وردپرس به چه معنی است؟,1
898,یک مدل وب سایت که می توانید با آن تنظیم کنید که در دسترس است؟,1
899,وردپرس یک زبان حرفه ای چیست؟,-1
900,چند تا نفس عميق بايد بکشي؟,1
901,چه می گویید در همان نفس نفس می کشید؟,1
902,ميخواي چي بگي؟,1
903,چه چیزی می شود که چگونه آگاهانه شما می توانید پس از بسیاری از تنفس سخت تنفس?,-1
904,برای دریافت سوخت به بدن تان به چه نوع انرژی نیاز دارید؟,1
905,وقتي عقلت جواب ميده، شما ها بايد چي بخوريد؟,-1
906,چه چیزی اغلب در یک دوره تصمیم گیری برگزار می شود؟,1
907,چند نفس عمیق نیاز دارید؟,1
908,چه می گویید با همان نفس نفس می کشید؟,1
909,چه می خواهی بگویی؟,1
910,چه چیزی می تواند بعد از تنفس سخت چقدر آگاه باشید؟,-1
911,برای دریافت سوخت به بدن خود به چه نوع انرژی نیاز دارید؟,1
912,وقتی عقل شما کار می کند ، شما بچه ها باید چه چیزی را بخورید؟,1
913,چه چیزی اغلب در دوره تصمیم گیری برگزار می شود؟,1
914,لولا آخرتانی الاجار پرسید که اگر دست از کار نیسید چه کار کند؟,0
915,ولن يوخير الله نفسا ازا جاجالس چي ميفهمه؟,0
916,قرآن کیست؟,-1
917,لولا آخرتانی الجال از چه کاری درخواست کرد اگر تسلیم نشوید؟,0
918,وولن یوخر الله نفسا آزا جاجالس چه چیزی را درک می کند؟,0
919,قرآن کیست؟,-1
920,آخر آیه چه گفت که اگر وقت نگذرید در زمان مرگ گیر می کنید، آن وقت درخواست می کنید که شما,1
921,چه کسی در آیه یازده تکرار می شود؟,1
922,لولا اخراجی الاجل چه زمانی تکرار می شود؟,1
923,پایان آیه چه کرد که می گوید اگر در زمان مرگ گیر نمی کنید ، پس از آن درخواست می کنید,1
924,چه کسی در یازده آیه تکرار می شود؟,1
925,چه موقع لولا آزراتی ال Ajl Al -ajl al -ajl al -ajl تکرار می شود؟,0
926,تاریخ دستگاه ما چیه؟,1
927,چه توانایی برای تنظیم مجدد به تعداد مشخصی از دستگاه های خود است؟,1
928,چند تزریق برخی از دستگاه ها در داخل خود می دهند؟,1
930,چیز بعدی در مورد برق دستگاه ما چیه؟,1
931,فرکانس کاری دستگاه ما چه می باشد؟,1
932,فرکانس برق ایران در چه کشوری با فرکانس برق اروپا متفاوت است؟,1
933,تاریخچه دستگاه ما چیست؟,1
934,امکان تنظیم مجدد به تعداد مشخصی از دستگاه ها چیست؟,1
935,برخی از دستگاه ها در داخل خود چه تعداد تزریق می کنند؟,1
937,نکته بعدی در مورد برق دستگاه ما چیست؟,1
938,فرکانس کار دستگاه ما چیست؟,1
939,در کدام کشور فرکانس برق ایران با فرکانس برق اروپا متفاوت است؟,1
940,چند صومعه در ایران وجود دارد؟,1
941,چه اتفاقی برای برخی از دستگاه ها می افتد؟,1
942,چند دستگاه برای پاک کردن هیستری آنها استفاده می شود؟,-1
943,مورد بعدی که به ما توضیح کلی می دهد که آلارم های بعدی را از هم جدا خواهیم کرد و جداگانه در مورد آن صحبت خواهیم کرد؟,1
944,چیز بعدی در مورد برق دستگاه ما چیه؟,1
945,فرکانس برق ایران چیه؟,1
946,چه تعداد صومعه در ایران وجود دارد؟,1
947,چه اتفاقی برای برخی از دستگاه ها می افتد؟,1
948,چند دستگاه برای پاک کردن هیستری خود استفاده می شود؟,-1
949,مورد بعدی که توضیح کلی به ما می دهد که هشدارهای بعدی را از هم جدا می کنیم و به طور جداگانه در مورد آن صحبت خواهیم کرد چیست؟,1
950,نکته بعدی در مورد برق دستگاه ما چیست؟,1
951,فرکانس برق ایران چیست؟,1
952,در هر جلسه چه نوع تزریقی آنتی بیوتیک ها را تزریق خواهید کرد؟,1
953,بيمار فرض ميکنه داره چي مصرف ميکنه؟,1
954,شغل بيمار چيه که داشته باشه؟,1
955,چرا آنتی بیوتیک ها به شما حساسیت دارند؟,1
956,نام استخوان در بستر زخم درم هیپودرم چیه؟,1
957,چه نوع زخم می تواند باعث استئومریت یا عفونت استخوانی شود؟,1
958,چه نوع عفونتی باید خیلی دقیق انجام دهیم؟,1
959,در هر جلسه چه نوع تزریقی آنتی بیوتیک ها را تزریق خواهید کرد؟,1
960,بیمار فرض می کند که او مصرف می کند؟,1
961,وظیفه بیمار چیست؟,1
962,چرا آنتی بیوتیک ها به شما حساسیت دارند؟,1
963,نام استخوان در بستر زخم Hypodermis Dermis چیست؟,1
964,چه نوع زخم می تواند باعث پوکی استخوان یا عفونت استخوان شود؟,1
965,چه نوع عفونت را باید انجام دهیم؟,1
966,برای هدایت آنتی بیوتیک های سیستمیک به بیمار چه کنیم؟,1
967,بیشتر اوقات بیمار فرض می کند که مصرف می کند چه می کند؟,1
968,وظیفه بیمار در داشتن و اشاره به اهمیت آنتی بیوتیک است؟,1
969,چرا آنتی بیوتیک ها به شما حساسیت دارند؟,1
970,زخم اپیدرم در چه چیزی است؟,1
971,زخم حفره بسیار سنگین چه چیزی می تواند توسعه یابد؟,1
972,چه نوع عفونتی باید با آن مقابله کنیم؟,1
973,برای هدایت آنتی بیوتیک های سیستمیک به بیمار چه می کنیم؟,1
974,بیشتر اوقات بیمار فرض می کند که او مصرف می کند؟,1
975,وظیفه بیمار برای داشتن و اشاره به اهمیت آنتی بیوتیک چیست؟,1
976,چرا آنتی بیوتیک ها به شما حساسیت دارند؟,1
977,زخم اپیدرم در چیست؟,1
978,زخم حفره ای بسیار سنگین چه می تواند ایجاد شود؟,1
979,برای مقابله با چه نوع عفونت؟,1
980,یکی از تفاوت های وردپرس با بقیه رقبای آن چه بوده است؟,1
981,در چه صفحاتی به وردپرس اشاره شده است؟,1
982,چه اندازه از وب سایت های ایرانی با وردپرس طراحی شده اند؟,1
983,چه چیزی شما را به خرید پلاگین، خرید تم، خرید هر چیزی که شما خرید؟,-1
984,چه اصطلاحی برای یک وب سایت است که شما می توانید استفاده کنید برای خرید پلاگین، خرید تم، خرید هر چیزی که شما خرید؟,1
985,تا چه زمانی به بلیط پشتیبانی که ارسال می کنید پاسخ داده خواهد شد؟,1
986,یکی از تفاوت های وردپرس و بقیه رقبای آن چیست؟,1
987,در کدام صفحات به وردپرس اشاره شده است؟,1
988,چه مقدار از وب سایت های ایرانی با وردپرس طراحی شده اند؟,1
989,چه چیزی شما را برای خرید افزونه ها ، خرید مضامین ، خرید هر چیزی که خریداری می کنید ، به ارمغان می آورد؟,1
991,چه مدت بلیط پشتیبانی ارسال می شود؟,1
992,یکی از تفاوت های وردپرس با بقیه رقبای او چیه؟,1
993,کدام کشور دومین کشوری است که از وردپرس برای طراحی وب سایت های خود استفاده می کند؟,1
994,اصطلاحی که در وب سایت های ایرانی به کار می رود، چه واژه ای است؟,1
995,تا چه زمانی به بلیط پشتیبانی که ارسال می کنید پاسخ داده خواهد شد؟,1
996,یکی از تفاوت های وردپرس و بقیه رقبای وی چیست؟,1
997,کدام کشور دومین کشور است که از وردپرس برای طراحی وب سایت های خود استفاده می کند؟,1
998,اصطلاحی که در وب سایت های ایرانی استفاده می شود چیست؟,1
999,چه مدت بلیط پشتیبانی ارسال می شود؟,1
1000,دو مدلی که پتاسیم و سدیم را اندازه گیری می کنند چه هستند؟,1
1001,الکترولیت ها بر اساس چه هستند؟,1
1002,موضوع الکترولیت ها چیه؟,1
1003,بحث باز يون های داخل سلولی چيه؟,1
1004,چيزي که بايد ازش آگاه باشي چيه؟,1
1005,چه چیزی پتاسیم را افزایش می دهد؟,1
1006,چه بخشی از بدن برای بیماران سدیم پتاسیم روزانه می خواهد؟,0
1007,دو مدل که پتاسیم و سدیم را اندازه گیری می کنند چیست؟,1
1008,الکترولیتها بر اساس چیست؟,-1
1009,موضوع الکترولیت ها چیست؟,1
1010,بحث آزاد یونهای داخل سلولی چیست؟,1
1011,چیزی که شما باید از آن آگاه باشید چیست؟,1
1012,چه چیزی پتاسیم را افزایش می دهد؟,1
1013,کدام قسمت از بدن سدیم پتاسیم روزانه را برای بیماران درخواست می کند؟,1
1014,نام دو مدلی که پتاسیم و سدیم را اندازه گیری می کنند چگونه است؟,-1
1015,مدل دستگاه قدیمی تر است که من به شما نشان می دهد که شما می خواهید در مورد صحبت کنید؟,-1
1016,چه نقاطی را باید در مورد پتاسیم در نظر داشت؟,1
1017,چه چیزی پتاسیم را افزایش می دهد؟,1
1018,پتاسیم چه چیزی افزایش می یابد همانطور که ما می گوییم خدمات شما است؟,0
1019,چه نوع آریتمی بخش های بسیار زیادی مانند CCU را می بینیم که یک سدیم روزانه پتاسیم می خواهند؟,-1
1020,نام دو مدل که پتاسیم و سدیم را اندازه گیری می کنند چیست؟,1
1021,یک مدل دستگاه قدیمی تر که من به شما نشان می دهم همانطور که می خواهید در مورد آن صحبت کنید؟,0
1022,نکاتی که باید در مورد پتاسیم در نظر داشته باشید؟,1
1023,چه چیزی پتاسیم را افزایش می دهد؟,1
1024,پتاسیم همانطور که می گوییم خدمات شما چیست افزایش می یابد؟,0
1025,چه نوع آریتمی را می بینیم که قسمتهای زیادی مانند CCU را می بینیم که روزانه سدیم پتاسیم می خواهند؟,0
1026,برای فهم قرآن از دو مدل چه استفاده می شود؟,1
1027,مدل معروف تر و رایج تر برای فهم قرآن چگونه است؟,1
1028,قرآن چيه؟,1
1029,وقتی می خواهیم قرآن را بفهمیم چه باید بفهمیم؟,1
1030,خروجی دیدگاه قرآن چیه؟,1
1031,الگوی دیگری برای درک قرآن به نام چه است؟,1
1032,از دو مدل برای درک قرآن استفاده می شود؟,1
1033,یک الگوی مشهور و متداول برای درک قرآن چیست؟,1
1034,قرآن چیست؟,1
1035,وقتی می خواهیم قرآن را بفهمیم چه چیزی باید درک کنیم؟,1
1036,خروجی نمای قرآن چیست؟,1
1037,الگوی دیگری برای درک قرآن چیست؟,1
1038,برای فهم قرآن در قرآن از چند مدل قرآن استفاده می شود؟,1
1039,نظر قرآن چيه؟,1
1040,وقتی می خواهیم قرآن را بفهمیم این چه شکلی است؟,1
1041,خروجی نگاه قرآن به چه چیزی است؟,1
1042,چند مدل از قرآن برای درک قرآن در قرآن استفاده می شود؟,1
1043,نظر قرآن چیست؟,1
1044,وقتی می خواهیم قرآن را بفهمیم این چه به نظر می رسد؟,1
1045,خروجی نمای قرآن چیست؟,1
1046,دو نوع آهنربا که برای آموزش استفاده می شوند چه هستند؟,1
1047,سيستمي که دارم بهت نشون ميدم چيه؟,1
1048,هگز و نان هگز چه نوع آهنرباهايي دارن؟,1
1049,هاکس و نان هاکس چند طرف دارن؟,1
1050,هاکس و نان هاکس چند طرف مختلف دارند؟,1
1051,مزایا و معایب سیستم استرومن چه هستند؟,1
1052,چه تفاوتی بین پروتز و پروتز وجود دارد؟,1
1053,دو نوع آهن ربا که برای آموزش استفاده می شود چیست؟,1
1054,سیستمی که به شما نشان می دهم چیست؟,1
1055,هگز و نان هگز چه نوع آهن ربا هستند؟,1
1056,HEX و NAN HEX چند طرف دارند؟,1
1057,Hex و Nan Hex چند طرف مختلف دارند؟,1
1058,مزایا و مضرات سیستم استرومان چیست؟,1
1059,تفاوت بین پروتز و پروتز چیست؟,1
1060,دو تا اسم سيستم استومن چيه؟,1
1061,سيستمي که الان دارم نشون ميدهم چيه؟,1
1062,آهنرباها را آموزش می دهند؟,1
1063,چه تفاوتی بین هکسی و نان هکسی وجود دارد؟,1
1064,نان هاکس چي داره؟,1
1065,چند طرف در ارتباط هستند؟,1
1066,اينو چند طرف ميذاري؟,1
1067,هنوز اين 12 طرف رو چي ميذاري؟,-1
1068,خطاهای مصنوعی کمتر به چه معناست وقتی در آن قرار می گیرد؟,1
1069,چند جهت در پروتز وجود دارد؟,1
1070,چه قطعه ای از پروتز ما در خواهد بود؟,-1
1071,دو نام سیستم Struman چیست؟,1
1072,سیستمی که فعلاً نشان می دهم چیست؟,1
1073,آموزش آهن ربا چیست؟,1
1074,تفاوت بین Hex و Nan Hex چیست؟,1
1075,نان هگز چیست؟,1
1076,چند طرف در ارتباط هستند؟,1
1077,چند طرف این کار را می کنید؟,1
1078,شما هنوز این را از این 12 طرف قرار می دهید؟,-1
1079,خطاهای پروتز کمتری هنگام قرار دادن به چه معنی است؟,-1
1080,چند جهت در پروتز وجود دارد؟,1
1081,در چه قطعه ای از پروتز ما قرار خواهد گرفت؟,1
1082,چیز کوچکی است که با همه چیز روبه رو می شود؟,1
1083,آقای محمد جمالی چه نوشتند؟,1
1084,چگونه به عادات عادت کنم؟,1
1085,چه کسی عادات را نوشته است؟,1
1086,آقا محمد جمالی اولین باری که می خواستم قطعش کنم چه کرد؟,1
1087,آقا محمد محمد جمالی چه کرد؟,1
1088,هر چند وقت یکبار مغزم وقتی تکرار می شود جعبه ای به وجود می آید؟,0
1089,چیز کوچکی که با همه چیز مقابله می کند چیست؟,1
1090,آقای محمد جمالی چه نوشت؟,1
1091,چگونه می توانم به عادت ها عادت کنم؟,1
1092,چه کسی عادات را نوشت؟,1
1093,آقا محمد جمالی اولین باری که می خواستم آن را قطع کنم چه کاری انجام داد؟,1
1095,هر چند وقت یک بار مغز من با یک جعبه روبرو می شود؟,1
1096,چه کسی عادت هایی نوشت که عادت می کنم وقتی می خواهم کلید اتاق را خاموش کنم و انگشتم را روشن کنم با پشت انگشتم روشن می شود و,-1
1097,وقتي ميخوام کليد اتاق رو خاموش کنم به چي عادت کنم؟,1
1098,وقتي ميخوام کليد اتاق رو خاموش کنم و انگشتم رو روشن کنم به کي عادت کردم؟,1
1099,مغزم چند بار برایش جعبه درست می کند؟,1
1101,وقتی می خواهم کلید اتاق را خاموش کنم به چه چیزی عادت می کنم؟,1
1102,وقتی می خواهم کلید اتاق را خاموش کنم و انگشت خود را روشن کنم ، به چه کسی عادت کردم؟,1
1103,چند بار مغز من جعبه ای برای آن درست می کند؟,1
1104,اصول فیبروز چه هستند؟,1
1105,توالی ابرو در حال حاضر در روش فیبروز چقدر بالا است؟,1
1106,روش فیبروز به چه نام است؟,1
1107,نقطه 5 و نقطه 6 روش فیبروز چیه؟,1
1108,در روش فیبروز چند کمان وجود دارد؟,1
1109,در روش فیبروز چند اندازه وجود دارد؟,1
1110,از چه نقطه ای می خواهید به نقطه 5 تقریبا مستقیم؟,-1
1111,اصول فیبروز چیست؟,1
1112,توالی ابرو اکنون در روش فیبروز چقدر زیاد است؟,1
1113,روش فیبروز چیست؟,1
1114,نقطه 5 و نقطه 6 روش فیبروز چیست؟,1
1115,چند کمان در روش فیبروز وجود دارد؟,1
1116,چند اندازه در روش فیبروز وجود دارد؟,1
1117,از چه نقطه ای می خواهید نقطه 5 را تقریباً مستقیم قرار دهید؟,1
1118,طراحی اساسی ابروها چه چیزی است؟,1
1119,نقطه بالای تاج زیر تاج نامیده می شود؟,1
1120,چه می رسد به نقطه 5 و نقطه 6؟,1
1121,چند کمان می کند 1 ابرو تاج 3 دنباله 4 نقطه تحت تاج 5?,-1
1122,طراحی اصلی ابرو چیست؟,1
1123,نقطه بالای تاج که در زیر تاج نامیده می شود چیست؟,1
1124,رسیدن به نقطه 5 و نقطه 6 چیست؟,1
1125,1 تاج ابرو 3 دنباله 4 نقطه 4 نقطه در زیر تاج 5 چند کمان دارد؟,0
1126,برای بیمارانی که بیشتر بیماران پروتز یا دیالیز شما را دارند چه درخواستی می توان کرد؟,0
1127,میزان روزانه آلومینیوم توسط چه مقداری خارج می شود؟,1
1128,پروتز هایی که شما و مردم الان در آن قرار داده اند چه هستند؟,1
1129,اسم آزمايشي که در خدمت شما توضيح داديم چيه؟,1
1130,این دو در و خارج از سلول چه هستند؟,-1
1131,دو آزمایش دیگر که بعد از خدمت به شما خوانده ایم چه می کنند؟,1
1132,دو نوع آزمایش که ما به شما نشان دادیم چه هستند؟,1
1133,چه چیزی می تواند برای بیماران مبتلا به پروتز یا بیماران دیالیز شما درخواست شود؟,1
1134,مقدار روزانه آلومینیوم دفع شده چقدر است؟,1
1135,پروتزهایی که اکنون شما و مردم در آن قرار داده اید چیست؟,1
1136,نام آزمایشی که در خدمات شما توضیح داده ایم چیست؟,1
1137,این دو در داخل و خارج از سلول چیست؟,1
1138,دو آزمایش دیگر که بعد از آنها خوانده ایم به شما خدمت می کنند؟,1
1139,دو نوع آزمایش که به شما نشان دادیم چیست؟,1
1140,خدمات شما برای بیمارانی که بیشتر بیماران پروتز یا دیالیز خود را دارند، چه می باشد؟,1
1141,علت دفع روزانه آلومینیوم توسط کلیه ها چه می باشد؟,1
1142,با این آزمون چه درخواستی می توان کرد؟,1
1143,حالت های مختلف برای درخواست چه هستند؟,1
1144,برخی از آزمایش هایی که تا کنون خوانده ام چه هستند؟,1
1145,دوستان در موردی که به شما نشان دادیم فسفر ما را چه می بینند؟,1
1146,خدمات شما برای بیماران با بیشتر پروتز یا بیماران دیالیز چیست؟,-1
1147,علت میزان روزانه آلومینیوم توسط کلیه ها دفع می شود؟,-1
1148,چه چیزی می تواند توسط این آزمون درخواست شود؟,1
1149,حالت های مختلف برای درخواست چیست؟,1
1150,برخی از آزمایشاتی که تاکنون خوانده ایم چیست؟,1
1151,دوستان ما در مورد اینکه ما به شما نشان دادیم ، فسفر ما را می بینند؟,1
1152,یکی از نرم افزارهای آنلاین که برای طراحی یک سایت پریمتر بسیار مورد استفاده قرار می گیرد، چه چیزی است؟,1
1153,چه نرم افزاری برای طراحی primers استفاده می شود؟,1
1154,اولیگو آنالیزر شما را به بقیه سایت چه داد؟,-1
1155,چه کسی نرم افزار چند فیلم برای شما که من قرار داده ام به دانستن، و شما در واقع آنها را می شناسند؟,-1
1156,بیشترین دستوراتی که برای طراحی پریمرها انجام میدهیم چه هستند؟,1
1157,دو نوع پرایمرها که می خواهید طراحی کنید چه هستند؟,1
1158,سایت پیشگام چه چیزی را در اختیار شرکت کنندگانی قرار داد که می خواهند پریم را طراحی کنند؟,1
1159,یکی از نرم افزارهای آنلاین که برای طراحی یک سایت آغازگر بسیار استفاده می شود چیست؟,1
1160,از چه نرم افزاری برای طراحی آغازگرها استفاده می شود؟,1
1161,الیگو آنالایزر به شما به بقیه سایت چه داد؟,1
1162,چه کسی نرم افزار چند فیلم برای شما دارد که من آن را آشنا کرده ام ، و واقعاً با آنها آشنا خواهید شد؟,1
1163,بیشترین سفارشاتی که ما برای طراحی آغازگرها انجام می دهیم چیست؟,1
1164,دو نوع آغازگر که می خواهید طراحی کنید چیست؟,1
1165,سایت پیشگام برای شرکت کنندگان که می خواهند آغازگر را طراحی کنند ، چه چیزی را ارائه داد؟,1
1166,برای طراحی سایت پرایم از چه نرم افزاری استفاده می شود؟,1
1167,از چه نرم افزاری برای ساخت فیلم استفاده می شود که من در واقع آنها را ملاقات خواهم کرد؟,0
1168,بیشترین سفارش هایی که برای طراحی پریمر مشتری انجام میدهم چه هستند؟,1
1169,دنباله های پریمرها که شرکت از ما می خواهد چه هستند؟,1
1170,سایت پایونیر چه چیزی را در اختیار شرکت کنندگانی قرار داد که می خواهند پریم را طراحی کنند؟,1
1171,نرم افزار Oligo Analyzer چه کار می کند؟,1
1172,از چه نرم افزاری برای طراحی سایت نخست استفاده می شود؟,1
1173,از چه نرم افزاری برای ساخت فیلم استفاده می شود که من واقعاً آنها را ملاقات خواهم کرد؟,1
1174,بیشترین سفارشاتی که من برای طراحی آغازگر مشتری می دهم چیست؟,1
1175,توالی آغازگرها که شرکت از ما درخواست می کند چیست؟,1
1176,سایت پایونیر برای شرکت کنندگان که می خواهند آغازگر را طراحی کنند ، چه چیزی را ارائه داد؟,1
1177,نرم افزار آنالایزر الیگو چه کاری انجام می دهد؟,1
1178,آیه قرآنی چیه؟,1
1179,دیگر سورهای آیه قرآنی کیست؟,0
1180,کجا به ما توصیه شده است که در واقع قرآن بخوانیم؟,1
1181,چه کسی گفته است که قرائت قرائت در قرائتی که تعمق نیست خوب نیست؟,-1
1182,مسئله مو از آیه قرآنی چه است؟,1
1183,قرآن، تعالیم خدا، تعالیم خدا، برای انسان ها در قالب چه چیزی است؟,-1
1184,وظيفه محوري قرآن چيه؟,1
1185,آیه قرآنی چیست؟,1
1186,سوره دیگر آیه قرآنی کیست؟,-1
1187,از کجا به ما توصیه شده است که واقعاً قرآن را بخوانیم؟,1
1188,چه کسی گفت که تلاوت تلاوت در تلاوت که دلپذیر نیست خوب نیست؟,-1
1189,مسئله مو آیه قرآنی چیست؟,1
1190,قرآن ، آموزه های خدا ، آموزه های خدا ، برای انسانها به شکل چیست؟,-1
1191,وظیفه اصلی قرآن چیست؟,1
1192,چه زبانی در تولید نرم افزار برای ایجاد یوزپلنگ استفاده می شود که از فارسی استفاده می شود؟,-1
1193,چه زبانی در تولید نرم افزار برای ایجاد یوزپلنگ استفاده می شود که از فارسی استفاده می شود؟,-1
1194,هر چند وقت یکبار در تولید نرم افزار شروع می شود؟,1
1195,یعنی چه چیزی می توانیم شروع به تولید محصول کنیم؟,-1
1196,از چه زبانی در تولید نرم افزار برای ایجاد یوزپلنگ استفاده می شود که فارسی استفاده می شود؟,-1
1197,از چه زبانی در تولید نرم افزار برای ایجاد یوزپلنگ استفاده می شود که فارسی استفاده می شود؟,-1
1198,چند بار در تولید نرم افزار شروع می شود؟,1
1199,به چه معنی می توانیم تولید محصول را شروع کنیم؟,1
1200,نام کاربری که قبلا ً می گفتیم آن بازیگر و حالا کسانی که قرار است با این محصول تعامل داشته باشند چه نامی دارد؟,1
1201,به چه زبانی به یک فرایند ساده راه افتاده ایم؟,-1
1202,با یک نرم افزار چه باید کرد؟,1
1203,نام کاربری که قبلاً می گفتیم آن بازیگر زن است و اکنون کسانی که قصد دارند با این محصول تعامل داشته باشند چیست؟,1
1204,به چه زبانی یک فرایند ساده ارائه داده ایم؟,1
1205,با یک نرم افزار چه کاری باید انجام دهید؟,1
1206,چه کسی با جلسات اول و دوم یک سری آزمایش ها به شما خدمت خواهد کرد؟,1
1207,اسم گروه تست کبد چيه؟,1
1208,تست منیزیم مربوط به مس است؟,1
1209,در مورد آزمایش های گروه ویتامین به شما چه خواهیم گفت؟,1
1210,نام يونهايي که داخل سلول کار ميکنن چيه؟,1
1211,اگر اسلاید را ببینید سدیم چه می کند؟,1
1212,چه کسی با جلسات اول و دوم یک سری آزمایشات به شما خدمت می کند؟,1
1213,نام گروه تست کبد چیست؟,1
1214,آزمایش منیزیم مربوط به مس چیست؟,1
1215,ما در مورد آزمایش های گروه ویتامین به شما چه خواهیم گفت؟,1
1216,نام یونهایی که در داخل سلول کار می کنند چیست؟,1
1217,سدیم اگر اسلاید را ببینید چه کاری انجام می دهد؟,1
1218,بيسملا رحمان رحيم چي ياد ميده؟,0
1219,فسفر چه نوع فسفر سدیم پتاسیم کلسیم روی فسفر مگناسیون آزمایش شده توسط?,-1
1220,چه خدمتی می کنیم؟,1
1221,دو يونه که داخل سلول کار ميکنن چي هستن؟,0
1222,دو نوع يونه که داخل سلول کار ميکنن چي هستن؟,0
1223,بیسمانه اللهمن الراهیم چه می آموزد؟,0
1224,فسفر روی کلسیم پتاسیم سدیم پتاسیم پتاسیم که توسط آن آزمایش شده است ، چه نوع فسفر است؟,-1
1225,به چه چیزی خدمت می کنیم؟,1
1226,دو یونی که در داخل سلول کار می کنند چیست؟,1
1227,دو نوع یونی که در داخل سلول کار می کنند چیست؟,1
1228,دلیل محتوا هم چه است و حداقل محتوای منسجم، ممکن است نفهمیم؟,-1
1229,وقتی مسیر آیات را در مرحله دوم مسیر آیات دنبال می کنیم، می بینیم که بعضی جاها چه هستند؟,-1
1230,چه شکلی در آیات؟,0
1231,در چه آیه ای نمونه ای از آیه ای در سوراء ساء است؟,0
1232,چه کسی باید ادامه آیات دوم سوراء سیه را بررسی کند؟,0
1233,آیه دهم سوراء الثاء چه می شود؟,0
1234,رابطه ادبی آیات وانفقوا و سوراء السعاء چه رابطه ای دارد؟,0
1235,دلیل محتوا نیز و حداقل محتوای منسجم ممکن است درک نکنیم؟,-1
1499,چه تفاوتی در مورد گرفتن اجساد خارجی به نوزادان ، کودکان و بزرگسالان دارد؟,-1
1500,تأثیر اجساد خارجی به نوزادان ، کودکان ، کودکان و بزرگسالان چیست؟,-1
1613,تفاوت مهمی در قالب بندی چیست؟,-1
1227,دو نوع یونی که در داخل سلول کار می کنند چیست؟,1
1228,دلیل محتوا هم چه است و حداقل محتوای منسجم، ممکن است نفهمیم؟,-1
1229,وقتی مسیر آیات را در مرحله دوم مسیر آیات دنبال می کنیم، می بینیم که بعضی جاها چه هستند؟,-1
1235,دلیل محتوا نیز و حداقل محتوای منسجم ممکن است درک نکنیم؟,-1
1241,رابطه ادبی بین آیات Wanfaqwa و Sura Al-Sa'a چیست؟,0
1242,وقتی آیات را در مرحله دوم آیات بین آیات دنبال می کنیم، چه بحثی داشتیم؟,1
1243,نام آیات 1 تا 2 کدام است که باید در مرحله بعدی برای هر یک از این سیاست ها بررسی کنیم؟,1
1244,نام آیه ای که در گذشته هستم چه است؟,1
1245,آیه دهم که در گذشته هستم در این دو آیه چه آیه قبلی دارد؟,0
1245,آیه دهم که در گذشته هستم در این دو آیه چه آیه قبلی دارد؟,0
1246,وقتی در مرحله دوم آیات بین آیات را دنبال می کنیم ، درباره چه بحث کردیم؟,1
1247,نام آیات 1 تا 2 که باید در مرحله بعدی برای هر یک از این سیاست ها بررسی کنیم چیست؟,1
1248,نام آیه ای که در گذشته هستم چیست؟,1
1249,آیه دهم من در گذشته چه چیزی را در این دو آیه قبلی دارد؟,0
1250,مشتری به شما چند شکستگی استخوان اشاره می کند؟,1
1251,به محض درمان شکستگی چه کاری می توانید انجام دهید، دست یا پایش از گچ خارج می شود؟,0
1252,منع های موقتی چه هستند؟,1
1253,آدمايي که توي بدنشون هستن چي هستن؟,1
1254,اولین مراقبتی که برای پوست انجام می دهیم چه کاری است؟,1
1255,برای درمان شکستگی چه باید استفاده کرد؟,1
1256,سه تا خورشيد براي يک هفته چيکار نميتونن بکنن ؟,1
1257,مشتری چند شکستگی استخوان به شما مراجعه می کند؟,1
1258,به محض درمان شکستگی ، چه کاری می توانید انجام دهید ، دست یا پای او از گچ خارج است؟,0
1259,موارد منع مصرف موقت چیست؟,1
1260,افراد در بدن خود با چه مواردی روبرو هستند؟,1
1261,اولین مراقبت ما برای پوست چیست؟,1
1262,چه چیزی باید برای درمان شکستگی استفاده شود؟,1
1263,چه کاری نمی تواند سه خورشید به مدت یک هفته انجام دهد؟,-1
1264,مشتری چند تا شکستگی استخوان به سرت میاد؟,-1
1265,ممنوعیت موقت شکستگی استخوان چه است؟,1
1266,بعضی چیزها که گفتم هم ممنوع است؟,1
1267,کسانی که فلز در بدن خود دارند چه هستند؟,1
1268,اسم دستگاهی که برای پوست انجام می دهیم چه بود؟,1
1269,چه چیزی باید مورد استفاده قرار گیرد برای محافظت از پوست از رنگ آمیزی؟,1
1270,چه چیزی آفتاب نمی گیرید؟,1
1271,مشتری چند شکستگی استخوان به شما می آید؟,-1
1272,ممنوعیت موقت برای شکستگی استخوان چیست؟,1
1273,برخی از مواردی که گفتم نیز ممنوع است؟,1
1274,کسانی که در بدن خود فلز دارند چیست؟,-1
1275,نام دستگاهی که برای پوست انجام می دهیم چیست؟,1
1276,چه چیزی باید برای محافظت از پوست در برابر رنگ آمیزی استفاده شود؟,1
1277,آفتاب چه چیزی را نمی گیرد؟,1
1278,چند پلاگین خوب برای معرفی شما برای طراحی صفحه وجود دارد؟,1
1279,چند پلاگین کمپرسور بصری وجود دارد؟,1
1280,چگونه می توانید تمام این گزینه ها را اضافه کنید؟,1
1281,چه بخش هایی رنگ های متنوعی دارند؟,1
1282,چه افزونه ای است که دوست دارید به لغزنده سایت آنچه در بالای صفحه می خورد؟,1
1283,اگر شما می دانید چگونه به کد اگر شما یک وب سایت وردپرس چه می توانید انجام دهید؟,-1
1284,کدنویسی PHPSS به چه معناست؟,1
1285,تم ها و پلاگین ها را برای خودتان طراحی می کنید که چه چیزی داشته باشید؟,1
1286,همان تمی که افراد وقتی به آدرس اینترنتی شما و آدرس سایت شما نگاه می کنند با آن مواجه می شوند؟,1
1287,چند افزونه خوب برای معرفی شما برای طراحی صفحه وجود دارد؟,1
1288,چند افزونه کمپرسور بصری وجود دارد؟,1
1289,چگونه می توانید تمام این گزینه ها را اضافه کنید؟,1
1290,کدام بخش ها رنگ های مختلفی دارند؟,1
1291,افزونه ای که دوست دارید سایت را که در بالای صفحه می خورد ، بکشید؟,0
1292,اگر می دانید اگر وب سایت وردپرس هستید ، چه کاری می توانید انجام دهید؟,-1
1293,کدگذاری PHPSS به چه معنی است؟,1
1294,برای داشتن خود مضامین و افزونه ها چه چیزی را طراحی می کنید؟,1
1295,همان موضوعی که افراد هنگام نگاه به URL و آدرس سایت شما با آنها روبرو می شوند چیست؟,1
1296,چه دو پلاگین می تواند به شما کمک کند طراحی صفحات خود را؟,-1
1297,چگونه می توانید یک صفحه طراحی کنید؟,1
1298,بالاي صفحه ورق چيه؟,1
1299,چه می خواهید مخزن وردپرس دست خود را؟,-1
1300,وقتی وارد مخزن وردپرس می شوید می خواهید چه کار کنید؟,1
1301,همان پوسته ای که مردم آدرس اینترنتی شما و آدرس سایت شما را جستجو می کنند، چه چیزی است؟,1
1302,چه دو افزونه می تواند به شما در طراحی صفحات کمک کند؟,0
1303,چگونه می توانید یک صفحه طراحی کنید؟,1
1304,بالای صفحه ورق چیست؟,0
1305,مخزن وردپرس دست خود را چه می خواهید؟,-1
1306,هنگام ورود به مخزن وردپرس می خواهید چه کاری انجام دهید؟,1
1307,همان پوسته افرادی که URL و آدرس سایت شما را جستجو می کنند چیست؟,1
1308,چه چیزی بر ذهن ما تاثیر می گذارد؟,1
1309,دليل اينکه داريم کيفيت زندگيمون رو خراب ميکنيم چيه؟,1
1310,چه چیزی ممکن است تصمیم ما را در زندگی گیج کند؟,1
1311,ما بايد چيکار کنيم؟,1
1312,چند سال تجربه دارم؟,1
1313,همکارم در چه سازمانی کار می کند؟,1
1314,چه چیزی روی ذهن ما تأثیر می گذارد؟,1
1315,دلیلی که ما کیفیت زندگی خود را خراب می کنیم چیست؟,1
1316,چه چیزی ممکن است تصمیم ما در زندگی را گیج کند؟,1
1317,باید چکار کنیم؟,1
1318,چند سال تجربه دارم؟,1
1319,همکار من در چه سازمانی کار می کند؟,1
1320,علت اطلاعات نادرست در زندگی ما چه بوده است؟,1
1321,چه چیزی ممکن است تصمیم ما را در زندگی اشتباه کند؟,1
1322,در رفتارمان چه باید بکنیم؟,1
1323,من چه دکترا دارم؟,-1
1324,چند سال تجربه دارم؟,1
1325,نام دوستم که سال هاست در مجموعه های سازمانی و اداری مشغول به کار است، چه می شود؟,1
1326,علت اطلاعات دروغین در زندگی ما چیست؟,1
1327,چه چیزی ممکن است تصمیم ما را در زندگی اشتباه کند؟,1
1328,در رفتار خود چه کاری باید انجام دهیم؟,1
1329,چه دکترا دارم؟,-1
1330,چند سال تجربه دارم؟,1
1331,نام دوست من که سالها در مجموعه های سازمانی و اداری کار می کند چیست؟,1
1332,اسم يه شخصيت توي اين پوسه چيه؟,1
1333,چه اتفاقی برای یک شخصیت در این posse می افتد؟,0
1334,یک شخصیت در این پوسه چه می کند؟,1
1335,پوسه ي شخصيتي که ميخواد بپره و منو بشينه چيه؟,-1
1336,مرکز گرانش بدن یک شخصیت کجاست؟,1
1337,اسم پوسه ای که روی توپمون دیدیم چیه؟,1
1338,این پوسه چه حجمی به نظر می رسد؟,1
1339,یک شخصیت در این پوسه چه عمومیت دارد؟,-1
1340,نام یک شخصیت در این posse چیست؟,1
1341,چه اتفاقی برای یک شخصیت در این posse می افتد؟,1
1342,شخصیتی در این posse چه کاری انجام می دهد؟,1
1343,شخصیت شخصیتی که می خواهد پرش کند و من را بنشیند چیست؟,-1
1344,مرکز ثقل بدن یک شخصیت چیست؟,1
1345,نام پوزسی که ما روی توپ خود دیدیم چیست؟,0
1346,این موضع چه حجمی به نظر می رسد؟,1
1347,تعمیم یک شخصیت در این شخصیت چیست؟,1
1373,مهمترین هشدار چیست؟,1
1374,چرا این کار را انجام می دهیم چون دستگاه به زودی دستگاه را روشن نمی کند و فشار زیادی به موتور ما وارد نمی کند؟,1
1375,دستگاه چند mmHg داره؟,0
1376,برخی از پرسنل درمانی که با آنها کار نمی کنند چه هستند؟,-1
1377,مهم ترین زنگ خطر و مهم ترین بخش دستگاه ما چیه؟,1
1378,مهم ترین بخش دستگاه ما چه چیزی است؟,1
1379,چرا ما این کار را انجام می دهیم زیرا دستگاه به زودی دستگاه را آلوده نمی کند و فشار زیادی به موتور ما وارد نمی کند؟,1
1380,دستگاه چند MMHG دارد؟,0
1381,برخی از پرسنل درمانی که با آنها کار نمی کنند چیست؟,-1
1382,مهمترین هشدار و مهمترین قسمت دستگاه ما چیست؟,1
1383,مهمترین قسمت دستگاه ما چیست؟,1
1384,اولین پاسخی که بیشتر به معرفی قرآن پرداخت چه بود؟,1
1385,پاسخ دوم در مورد قرآن چه می گوید؟,1
1386,چه چیزی در وسط قرآن گم شده است؟,1
1387,قرآن برای پیدا کردن لینک گمشده چه باید کرد؟,-1
1388,قرآن چيه؟,1
1389,وظيفه ما در مورد قرآن چيه؟,1
1390,لینک گمشده ای که این دو گروه به آن توجه نکردند به چه چیزی است؟,-1
1391,اولین پاسخی که بیشتر به معرفی قرآن پرداخت شد؟,0
1392,پاسخ دوم در مورد قرآن چه می گوید؟,1
1393,چه چیزی در وسط قرآن وجود ندارد؟,1
1394,قرآن برای یافتن لینک گمشده چه کاری باید انجام دهد؟,1
1395,قرآن چیست؟,1
1396,وظیفه ما نسبت به قرآن چیست؟,1
1397,پیوند مفقود شده ای که این دو گروه به آن توجه نکردند چیست؟,1
1398,چه پاسخ دوم سعی کرد به پایان نگاه کنید ، اما نگفت که در حال حاضر ما می رویم به این پایان چه باید بکنید ، از,0
1399,پاسخ دوم به قرآن چه گفت؟,1
1400,وسط چيز گمشده چيه؟,1
